dataGolfId,playerName,tour,season,dgRank,owgrRank,trueSkill,sgTotal,sgOffTee,sgApproach,sgAroundGreen,sgPutting,drivingDistance,drivingAccuracy,lastSynced
15993,"Hollick, Michael",AFR,2025,,246,-1.043,,,,,,,,2025-12-27
15193,"Van Tonder, Daniel",AFR,2025,,208,-0.761,,,,,,,,2025-12-27
32089,"Stout, Preston",AM,2025,,501,-0.556,,,,,,,,2025-12-27
32064,"Russell, Miles",AM,2025,,501,-0.764,,,,,,,,2025-12-27
26482,"Jakubcik, Filip",AM,2025,,501,-1.116,,,,,,,,2025-12-27
34023,"Graham, Connor",AM,2025,,501,-1.11,,,,,,,,2025-12-27
33949,"Bacha, Carson",AM,2025,,462,-1.008,,,,,,,,2025-12-27
29827,"James, Ben",AM,2025,,501,-0.233,,,,,,,,2025-12-27
30033816,"Summy, Jase",AM,2025,,501,-0.981,,,,,,,,2025-12-27
27947,"Maas, Christian",AM,2025,,501,-1.016,,,,,,,,2025-12-27
28473,"Ballester, Jose Luis",AM,2025,,194,-0.072,,,,,,,,2025-12-27
32319,"Koivun, Jackson",AM,2025,,178,0.515,,,,,,,,2025-12-27
30029615,"Chirravuri, Mahanth",AM,2025,,501,-1.088,,,,,,,,2025-12-27
34075,"Herendeen, Max",AM,2025,,501,-1.083,,,,,,,,2025-12-27
31955,"Van Paris, Jackson",AM,2025,,501,-0.86,,,,,,,,2025-12-27
34445,"Watts, Tyler",AM,2025,,501,-1.074,,,,,,,,2025-12-27
34025,"Fang, Ethan",AM,2025,,501,-0.999,,,,,,,,2025-12-27
32593,"Morrison, Tommy",AM,2025,,501,-0.94,,,,,,,,2025-12-27
18900,"Quayle, Anthony",ANZ,2025,,501,-1.065,,,,,,,,2025-12-27
29230,"Piot, James",ASA,2025,,501,-1.057,,,,,,,,2025-12-27
19844,"Kaewkanjana, Sadom",ASA,2025,,253,-0.496,,,,,,,,2025-12-27
15274,"Tabuena, Miguel",ASA,2025,,221,-0.418,,,,,,,,2025-12-27
16424,"Boonma, Danthai",ASA,2025,,359,-1.133,,,,,,,,2025-12-27
14559,"Vincent, Scott",ASA,2025,,151,-0.238,,,,,,,,2025-12-27
24298,"Kho, Taichi",ASA,2025,,349,-1.093,,,,,,,,2025-12-27
11852,"Ahlers, Jaco",ASA,2025,,501,-1.074,,,,,,,,2025-12-27
14953,"Wannasrichan, Rattanon",ASA,2025,,267,-0.793,,,,,,,,2025-12-27
21231,"Prateeptienchai, Suteepat",ASA,2025,,255,-1.047,,,,,,,,2025-12-27
18239,"Truslow, Austen",ASA,2025,,501,-1.043,,,,,,,,2025-12-27
23638,"Suwannarut, Sarit",ASA,2025,,442,-1.037,,,,,,,,2025-12-27
26764,"Zheng, Sampson",ASA,2025,,494,-1.024,,,,,,,,2025-12-27
18524,"Catlin, John",ASA,2025,,257,-0.94,,,,,,,,2025-12-27
14951,"Saksansin, Poom",ASA,2025,,432,-0.934,,,,,,,,2025-12-27
19232,"Smyth, Trav",ASA,2025,,360,-0.883,,,,,,,,2025-12-27
19697,"Wang, Wei-Hsuan",ASA,2025,,300,-0.861,,,,,,,,2025-12-27
19899,"Rottluff, Max",ASA,2025,,480,-0.833,,,,,,,,2025-12-27
14368,"Janewattananond, Jazz",ASA,2025,,448,-0.806,,,,,,,,2025-12-27
19538,"Vincent, Kieran",ASA,2025,,361,-0.74,,,,,,,,2025-12-27
19908,"Young, Daniel",CHA,2025,,302,-0.8,,,,,,,,2025-12-27
16372,"McDonald, Jack",CHA,2025,,501,-0.934,,,,,,,,2025-12-27
13089,"Nemecz, Lukas",CHA,2025,,501,-1.018,,,,,,,,2025-12-27
21677,"Steinlechner, Maximilian",CHA,2025,,232,-1.051,,,,,,,,2025-12-27
20414,"Langfors, Per",CHA,2025,,501,-1.061,,,,,,,,2025-12-27
18174,"Ritchie, JC",CHA,2025,,134,-0.229,,,,,,,,2025-12-27
14784,"Law, David",CHA,2025,,197,-0.917,,,,,,,,2025-12-27
31165,"Townsend, Hugo",CHA,2025,,316,-0.877,,,,,,,,2025-12-27
28239,"Guillamoundeguy, Oihan",CHA,2025,,303,-0.556,,,,,,,,2025-12-27
20844,"Mazzoli, Stefano",CHA,2025,,347,-0.672,,,,,,,,2025-12-27
16549,"Paratore, Renato",CHA,2025,,223,-1.123,,,,,,,,2025-12-27
4871,"Alker, Steven",CHAMP,2025,,501,-0.368,,,,,,,,2025-12-27
5665,"Cink, Stewart",CHAMP,2025,,501,-0.375,,,,,,,,2025-12-27
5874,"Percy, Cameron",CHAMP,2025,,501,-1.128,,,,,,,,2025-12-27
3596,"Jimenez, Miguel Angel",CHAMP,2025,,501,-1.123,,,,,,,,2025-12-27
874,"Els, Ernie",CHAMP,2025,,501,-0.953,,,,,,,,2025-12-27
23841,"Neergaard-Petersen, Rasmus",EURO,2025,,52,0.7,,,,,,,,2025-12-27
23416,"Ravetto, David",EURO,2025,,327,-0.957,,,,,,,,2025-12-27
16842,"Luck, Curtis",EURO,2025,,501,-0.912,,,,,,,,2025-12-27
26991,"Schaper, Jayden",EURO,2025,,63,1.05,,,,,,,,2025-12-27
13900,"Lowry, Shane",EURO,2025,,26,0.949,,,,,,,,2025-12-27
23838,"Hojgaard, Rasmus",EURO,2025,,40,0.944,,,,,,,,2025-12-27
14796,"Hatton, Tyrrell",EURO,2025,,20,0.927,,,,,,,,2025-12-27
21407,"Reitan, Kristoffer",EURO,2025,,31,0.819,,,,,,,,2025-12-27
23602,"Hojgaard, Nicolai",EURO,2025,,77,0.703,,,,,,,,2025-12-27
22322,"McKibbin, Tom",EURO,2025,,79,0.617,,,,,,,,2025-12-27
13764,"Parry, John",EURO,2025,,82,0.554,,,,,,,,2025-12-27
30445,"Ayora, Angel",EURO,2025,,118,0.551,,,,,,,,2025-12-27
22465,"Penge, Marco",EURO,2025,,29,0.544,,,,,,,,2025-12-27
10091,"McIlroy, Rory",EURO,2025,,2,1.821,,,,,,,,2025-12-27
18586,"Smith, Jordan",EURO,2025,,89,0.382,,,,,,,,2025-12-27
21362,"Hillier, Daniel",EURO,2025,,141,0.369,,,,,,,,2025-12-27
14838,"Reed, Patrick",EURO,2025,,44,0.35,,,,,,,,2025-12-27
14181,"Detry, Thomas",EURO,2025,,56,0.338,,,,,,,,2025-12-27
15310,"Li, Haotong",EURO,2025,,87,0.22,,,,,,,,2025-12-27
20766,"Brown, Daniel",EURO,2025,,73,0.184,,,,,,,,2025-12-27
15326,"Sullivan, Andy",EURO,2025,,142,0.168,,,,,,,,2025-12-27
20085,"Lindell, Oliver",EURO,2025,,167,0.064,,,,,,,,2025-12-27
10158,"Luiten, Joost",EURO,2025,,171,0.022,,,,,,,,2025-12-27
14792,"Saddier, Adrien",EURO,2025,,74,0.02,,,,,,,,2025-12-27
24200,"Smylie, Elvis",EURO,2025,,129,0.013,,,,,,,,2025-12-27
26193,"Ding, Wenyi",EURO,2025,,170,-0.003,,,,,,,,2025-12-27
14795,"Canter, Laurie",EURO,2025,,59,-0.048,,,,,,,,2025-12-27
17813,"Armitage, Marcus",EURO,2025,,193,-0.054,,,,,,,,2025-12-27
26745,"Chacarra, Eugenio",EURO,2025,,124,-0.085,,,,,,,,2025-12-27
18105,"Lawrence, Thriston",EURO,2025,,65,-0.105,,,,,,,,2025-12-27
28157,"Vaillant, Tom",EURO,2025,,296,-0.147,,,,,,,,2025-12-27
14016,"Campillo, Jorge",EURO,2025,,160,-0.19,,,,,,,,2025-12-27
14987,"Laporta, Francesco",EURO,2025,,222,-0.2,,,,,,,,2025-12-27
29971,"Bradbury, Dan",EURO,2025,,176,-0.241,,,,,,,,2025-12-27
14780,"Lagergren, Joakim",EURO,2025,,109,-0.278,,,,,,,,2025-12-27
21074,"Nakajima, Keita",EURO,2025,,96,0.035,,,,,,,,2025-12-27
16475,"Forrest, Grant",EURO,2025,,166,-0.307,,,,,,,,2025-12-27
26947,"Jarvis, Casey",EURO,2025,,213,-0.314,,,,,,,,2025-12-27
25131,"Hill, Calum",EURO,2025,,184,-0.323,,,,,,,,2025-12-27
12522,"Schneider, Marcel",EURO,2025,,243,-0.343,,,,,,,,2025-12-27
20084,"Lindberg, Mikael",EURO,2025,,275,-0.347,,,,,,,,2025-12-27
25362,"Fitzpatrick, Alex",EURO,2025,,204,-0.35,,,,,,,,2025-12-27
25601,"Jordan, Matthew",EURO,2025,,189,-0.389,,,,,,,,2025-12-27
20727,"Coussaud, Ugo",EURO,2025,,242,-0.403,,,,,,,,2025-12-27
24497,"Robinson Thompson, Brandon",EURO,2025,,231,-0.413,,,,,,,,2025-12-27
7033,"Molinari, Edoardo",EURO,2025,,501,-0.423,,,,,,,,2025-12-27
10201,"Guerrier, Julien",EURO,2025,,211,-0.427,,,,,,,,2025-12-27
15229,"Stone, Brandon",EURO,2025,,305,-0.463,,,,,,,,2025-12-27
27811,"Couvra, Martin",EURO,2025,,130,-0.467,,,,,,,,2025-12-27
22259,"Del Rey, Alejandro",EURO,2025,,235,-0.469,,,,,,,,2025-12-27
22608,"Clements, Todd",EURO,2025,,207,-0.505,,,,,,,,2025-12-27
25611,"Olesen, Jacob Skov",EURO,2025,,153,-0.302,,,,,,,,2025-12-27
14775,"Bjork, Alexander",EURO,2025,,501,-0.543,,,,,,,,2025-12-27
15680,"Winther, Jeff",EURO,2025,,283,-0.546,,,,,,,,2025-12-27
9531,"Wiesberger, Bernd",EURO,2025,,332,-0.562,,,,,,,,2025-12-27
23733,"LaCroix, Frederic",EURO,2025,,264,-0.564,,,,,,,,2025-12-27
12177,"Pavan, Andrea",EURO,2025,,287,-0.578,,,,,,,,2025-12-27
26008,"Elvira, Manuel",EURO,2025,,278,-0.603,,,,,,,,2025-12-27
7049,"Sterne, Richard",EURO,2025,,201,-0.617,,,,,,,,2025-12-27
11396,"Ramsay, Richie",EURO,2025,,371,-0.618,,,,,,,,2025-12-27
7457,"Cabrera Bello, Rafa",EURO,2025,,284,-0.636,,,,,,,,2025-12-27
17747,"Halvorsen, Andreas",EURO,2025,,357,-0.648,,,,,,,,2025-12-27
24369,"Kobori, Kazuma",EURO,2025,,186,-0.652,,,,,,,,2025-12-27
15592,"Girrbach, Joel",EURO,2025,,285,-0.653,,,,,,,,2025-12-27
12988,"Elvira Mijares, Ignacio",EURO,2025,,190,-0.655,,,,,,,,2025-12-27
12321,"Aphibarnrat, Kiradech",EURO,2025,,356,-0.679,,,,,,,,2025-12-27
27258,"Schmidt, Ben",EURO,2025,,310,-0.688,,,,,,,,2025-12-27
10418,"Lemke, Niklas",EURO,2025,,399,-0.701,,,,,,,,2025-12-27
16652,"Langasque, Romain",EURO,2025,,195,-0.716,,,,,,,,2025-12-27
17357,"Migliozzi, Guido",EURO,2025,,237,-0.72,,,,,,,,2025-12-27
18027,"Kimsey, Nathan",EURO,2025,,478,-0.739,,,,,,,,2025-12-27
19421,"Du Plessis, Hennie",EURO,2025,,501,-0.53,,,,,,,,2025-12-27
26506,"De Leo, Gregorio",EURO,2025,,446,-0.753,,,,,,,,2025-12-27
15115,"Senior, Jack",EURO,2025,,365,-0.784,,,,,,,,2025-12-27
14666,"Johnston, Andrew",EURO,2025,,501,-0.798,,,,,,,,2025-12-27
16897,"Lombard, Zander",EURO,2025,,489,-0.8,,,,,,,,2025-12-27
11397,"Jamieson, Scott",EURO,2025,,354,-0.807,,,,,,,,2025-12-27
22089,"Syme, Connor",EURO,2025,,216,-0.811,,,,,,,,2025-12-27
20522,"Veerman, Johannes",EURO,2025,,234,-0.832,,,,,,,,2025-12-27
32550,"Bryant, Davis",EURO,2025,,291,-0.838,,,,,,,,2025-12-27
20448,"Katsuragawa, Yuto",EURO,2025,,279,-0.849,,,,,,,,2025-12-27
16896,"Kruyswijk, Jacques",EURO,2025,,179,-0.852,,,,,,,,2025-12-27
7677,"Norris, Shaun",EURO,2025,,101,-0.856,,,,,,,,2025-12-27
13367,"Merritt, Troy",EURO,2025,,461,-0.857,,,,,,,,2025-12-27
14975,"Otaegui, Adrian",EURO,2025,,375,-0.864,,,,,,,,2025-12-27
18517,"Soderberg, Sebastian",EURO,2025,,271,-0.887,,,,,,,,2025-12-27
14973,"Levy, Alexander",EURO,2025,,484,-0.89,,,,,,,,2025-12-27
15596,"Cockerill, Aaron",EURO,2025,,415,-0.902,,,,,,,,2025-12-27
11763,"Wu, Ashun",EURO,2025,,307,-0.904,,,,,,,,2025-12-27
22231,"Von Dellingshausen, Nicolai",EURO,2025,,191,-0.907,,,,,,,,2025-12-27
13374,"Van Driel, Darius",EURO,2025,,260,-0.908,,,,,,,,2025-12-27
23610,"Crocker, Sean",EURO,2025,,338,-0.925,,,,,,,,2025-12-27
12734,"Scrivener, Jason",EURO,2025,,312,-0.93,,,,,,,,2025-12-27
15113,"Pepperell, Eddie",EURO,2025,,501,-0.949,,,,,,,,2025-12-27
17646,"Fitzpatrick, Matt",EURO,2025,,22,1.457,,,,,,,,2025-12-27
25588,"Wilson, Andrew",EURO,2025,,501,-1.064,,,,,,,,2025-12-27
18722,"Gouveia, Ricardo",EURO,2025,,411,-1.07,,,,,,,,2025-12-27
14018,"Dantorp, Jens",EURO,2025,,390,-1.088,,,,,,,,2025-12-27
12426,"Waring, Paul",EURO,2025,,236,-1.093,,,,,,,,2025-12-27
18514,"Kinhult, Marcus",EURO,2025,,376,-1.099,,,,,,,,2025-12-27
13139,"Pulkkanen, Tapio",EURO,2025,,463,-1.133,,,,,,,,2025-12-27
24185,"Mansell, Richard",EURO,2025,,158,-0.516,,,,,,,,2025-12-27
28615,"Bairstow, Sam",EURO,2025,,272,-0.691,,,,,,,,2025-12-27
21646,"Ferguson, Ewen",EURO,2025,,163,-0.104,,,,,,,,2025-12-27
25739,"Yonezawa, Ren",JPN,2025,,245,-0.877,,,,,,,,2025-12-27
15056,"Horikawa, Mikumu",JPN,2025,,292,-0.378,,,,,,,,2025-12-27
24223,"Sugiura, Yuta",JPN,2025,,220,-0.878,,,,,,,,2025-12-27
16160,"Song, Younghan",JPN,2025,,314,-0.771,,,,,,,,2025-12-27
19681,"Semikawa, Taiga",JPN,2025,,262,-0.225,,,,,,,,2025-12-27
9099,"Iwata, Hiroshi",JPN,2025,,342,-1.146,,,,,,,,2025-12-27
28268,"Kaneko, Kota",JPN,2025,,172,-0.225,,,,,,,,2025-12-27
25538,"Ishizaka, Tomohiro",JPN,2025,,501,-1.013,,,,,,,,2025-12-27
21076,"Yoshida, Taiki",JPN,2025,,353,-0.344,,,,,,,,2025-12-27
22777,"Katsumata, Ryo",JPN,2025,,377,-1.105,,,,,,,,2025-12-27
15756,"Higa, Kazuki",JPN,2025,,112,-0.462,,,,,,,,2025-12-27
25797,"Hosono, Yusaku",JPN,2025,,427,-0.586,,,,,,,,2025-12-27
12232,"Ishikawa, Ryo",JPN,2025,,286,-0.704,,,,,,,,2025-12-27
21921,"Shogenji, Tatsunori",JPN,2025,,187,-0.778,,,,,,,,2025-12-27
13923,"Lee, Sang-hee",JPN,2025,,408,-0.856,,,,,,,,2025-12-27
13485,"Imahira, Shugo",JPN,2025,,256,-0.568,,,,,,,,2025-12-27
14904,"Kinoshita, Ryosuke",JPN,2025,,324,-0.504,,,,,,,,2025-12-27
18382,"Ogiso, Takashi",JPN,2025,,301,-0.573,,,,,,,,2025-12-27
14371,"Sato, Taihei",JPN,2025,,378,-0.687,,,,,,,,2025-12-27
10523,"Nagano, Ryutaro",JPN,2025,,501,-0.946,,,,,,,,2025-12-27
22844,"Kawamoto, Riki",JPN,2025,,288,-0.866,,,,,,,,2025-12-27
31251,"Winstead, Trey",KFT,2025,,445,-0.904,,,,,,,,2025-12-27
15499,"Bateman, Wil",KFT,2025,,501,-1.115,,,,,,,,2025-12-27
25038,"Jelley, Brendon",KFT,2025,,501,-1.138,,,,,,,,2025-12-27
12424,"Summerhays, Daniel",KFT,2025,,501,-0.61,,,,,,,,2025-12-27
15120,"Johnson, Michael",KFT,2025,,472,-0.611,,,,,,,,2025-12-27
27780,"Crowe, Trace",KFT,2025,,182,-0.315,,,,,,,,2025-12-27
22002,"Dumont De Chassart, Adrien",KFT,2025,,157,0.153,,,,,,,,2025-12-27
25475,"Nyholm, Pontus",KFT,2025,,265,-0.382,,,,,,,,2025-12-27
21234,"Thomas, Rayhan",KFT,2025,,501,-1.072,,,,,,,,2025-12-27
18187,"Duncan, Tyler",KFT,2025,,501,-0.822,,,,,,,,2025-12-27
18571,"Macdonald, Stuart",KFT,2025,,358,-0.823,,,,,,,,2025-12-27
24956,"Blanchet, Chandler",KFT,2025,,119,0.417,,,,,,,,2025-12-27
29347,"Dossey, Cooper",KFT,2025,,423,-0.402,,,,,,,,2025-12-27
30767,"Gabrelcik, Nick",KFT,2025,,431,-0.836,,,,,,,,2025-12-27
32473,"Botha, Barend",KFT,2025,,198,-0.56,,,,,,,,2025-12-27
13831,"Knox, Russell",KFT,2025,,330,-0.843,,,,,,,,2025-12-27
20353,"Whitney, Tom",KFT,2025,,501,-0.848,,,,,,,,2025-12-27
30620,"Chatfield, Davis",KFT,2025,,224,-0.312,,,,,,,,2025-12-27
32312,"Sherwood, Cole",KFT,2025,,397,-0.856,,,,,,,,2025-12-27
28471,"Shore, Davis",KFT,2025,,393,-0.573,,,,,,,,2025-12-27
30429,"Welch, Patrick",KFT,2025,,336,-1.047,,,,,,,,2025-12-27
19360,"Atkins, Matt",KFT,2025,,501,-1.075,,,,,,,,2025-12-27
25771,"Furr, Wilson",KFT,2025,,493,-0.582,,,,,,,,2025-12-27
27600,"Kuest, Peter",KFT,2025,,339,-0.891,,,,,,,,2025-12-27
24962,"Docherty, Alistair",KFT,2025,,350,-0.896,,,,,,,,2025-12-27
18933,"Gandon, Jeremy",KFT,2025,,266,-0.901,,,,,,,,2025-12-27
21688,"Kim, S.H.",KFT,2025,,162,-0.286,,,,,,,,2025-12-27
8571,"Gomez, Fabian",KFT,2025,,501,-1.058,,,,,,,,2025-12-27
29970,"Menante, Dylan",KFT,2025,,402,-0.625,,,,,,,,2025-12-27
19948,"Taylor, Ben",KFT,2025,,470,-0.633,,,,,,,,2025-12-27
19864,"Hammer, Cole",KFT,2025,,501,-0.949,,,,,,,,2025-12-27
16162,"Lee, Seung-taek",KFT,2025,,252,-0.427,,,,,,,,2025-12-27
18059,"Suri, Julian",KFT,2025,,225,-0.64,,,,,,,,2025-12-27
16591,"Rozo, Marcelo",KFT,2025,,455,-0.743,,,,,,,,2025-12-27
18635,"Shelton, Robby",KFT,2025,,315,-0.649,,,,,,,,2025-12-27
28630,"Hall, Ryan",KFT,2025,,501,-1.125,,,,,,,,2025-12-27
11117,"Noh, S.Y.",KFT,2025,,460,-0.337,,,,,,,,2025-12-27
32445,"James, Zach",KFT,2025,,424,-1.124,,,,,,,,2025-12-27
21889,"Kang, Jeffrey",KFT,2025,,202,-0.432,,,,,,,,2025-12-27
24490,"Galletti, Nicolo",KFT,2025,,299,-0.434,,,,,,,,2025-12-27
24481,"Redman, Doc",KFT,2025,,337,-0.339,,,,,,,,2025-12-27
31192,"Steelman, Ross",KFT,2025,,317,-0.668,,,,,,,,2025-12-27
29318,"McAllister, Logan",KFT,2025,,351,-0.975,,,,,,,,2025-12-27
32457,"Keefer, Johnny",KFT,2025,,48,0.336,,,,,,,,2025-12-27
22050,"Suh, Justin",KFT,2025,,331,-0.686,,,,,,,,2025-12-27
32152,"Brown, Blades",KFT,2025,,482,-0.695,,,,,,,,2025-12-27
22985,"Smotherman, Austin",KFT,2025,,130,-0.264,,,,,,,,2025-12-27
19738,"Dougherty, Kevin",KFT,2025,,368,-0.721,,,,,,,,2025-12-27
23231,"Maichon, Phichaksn",KFT,2025,,501,-0.976,,,,,,,,2025-12-27
26953,"Gilligan, Ian",KFT,2025,,501,-0.722,,,,,,,,2025-12-27
28542,"Hitt, Austin",KFT,2025,,335,-0.728,,,,,,,,2025-12-27
26710,"Hruby, Petr",KFT,2025,,501,-0.98,,,,,,,,2025-12-27
30621,"Weiler, Joe",KFT,2025,,451,-0.731,,,,,,,,2025-12-27
26190,"Ortiz, Alvaro",KFT,2025,,311,-0.736,,,,,,,,2025-12-27
26126,"Meissner, Mitchell",KFT,2025,,289,-0.193,,,,,,,,2025-12-27
28016,"Gonzalez, Emilio",KFT,2025,,155,-0.218,,,,,,,,2025-12-27
19846,"Bauchou, Zach",KFT,2025,,205,-0.528,,,,,,,,2025-12-27
21943,"Lebioda, Hank",KFT,2025,,192,-0.222,,,,,,,,2025-12-27
32055,"Shipley, Neal",KFT,2025,,94,0.102,,,,,,,,2025-12-27
25036,"Holt, Ian",KFT,2025,,344,-0.487,,,,,,,,2025-12-27
23708,"Scott, Sandy",KFT,2025,,416,-0.755,,,,,,,,2025-12-27
31392,"VanArragon, Caleb",KFT,2025,,439,-0.761,,,,,,,,2025-12-27
25319,"VanDerLaan, John",KFT,2025,,263,-0.375,,,,,,,,2025-12-27
16757,"Dou, Zecheng",KFT,2025,,219,0.021,,,,,,,,2025-12-27
26913,"Phillips, Trent",KFT,2025,,293,0.016,,,,,,,,2025-12-27
22986,"Tuten, Shad",KFT,2025,,418,-0.773,,,,,,,,2025-12-27
31188,"Valdes, Brendan",KFT,2025,,497,-1.035,,,,,,,,2025-12-27
20954,"Hirata, Kensei",KFT,2025,,152,-0.781,,,,,,,,2025-12-27
18869,"Lamb, Rick",KFT,2025,,395,-0.782,,,,,,,,2025-12-27
11082,"Burgoon, Bronson",KFT,2025,,501,-0.787,,,,,,,,2025-12-27
22919,"Cannon, Will",KFT,2025,,475,-0.79,,,,,,,,2025-12-27
27598,"Nicholas, James",KFT,2025,,499,-1.013,,,,,,,,2025-12-27
24343,"Lamprecht, Christo",KFT,2025,,147,-0.229,,,,,,,,2025-12-27
14050,"Sloan, Roger",KFT,2025,,501,-1.067,,,,,,,,2025-12-27
26531,"Walsh, Thomas",KFT,2025,,501,-1.013,,,,,,,,2025-12-27
29925,"Yellamaraju, Sudarshan",KFT,2025,,277,-0.802,,,,,,,,2025-12-27
27640,"Song, Minhyuk",KOR,2025,,466,-0.914,,,,,,,,2025-12-27
21072,"Ok, Taehoon",KOR,2025,,177,-0.706,,,,,,,,2025-12-27
27759,"Kim, Baekjun",KOR,2025,,346,-1.074,,,,,,,,2025-12-27
13498,"Lee, Junghwan",KOR,2025,,200,-0.998,,,,,,,,2025-12-27
25628,"Bae, Yongjun",KOR,2025,,501,-1.04,,,,,,,,2025-12-27
7024,"Choi, Jinho",KOR,2025,,469,-0.74,,,,,,,,2025-12-27
12413,"Lee, Richard",KOR,2025,,169,-0.638,,,,,,,,2025-12-27
19195,"Rahm, Jon",LIV,2025,,84,1.841,,,,,,,,2025-12-27
13944,"Pieters, Thomas",LIV,2025,,501,0.121,,,,,,,,2025-12-27
20770,"Munoz, Sebastian",LIV,2025,,501,0.432,,,,,,,,2025-12-27
12422,"Johnson, Dustin",LIV,2025,,501,-0.16,,,,,,,,2025-12-27
11357,"Uihlein, Peter",LIV,2025,,181,-0.385,,,,,,,,2025-12-27
7672,"Oosthuizen, Louis",LIV,2025,,343,0.106,,,,,,,,2025-12-27
7548,"McDowell, Graeme",LIV,2025,,501,-0.82,,,,,,,,2025-12-27
11952,"Grace, Branden",LIV,2025,,454,0.09,,,,,,,,2025-12-27
6892,"Howell III, Charles",LIV,2025,,501,0.079,,,,,,,,2025-12-27
14424,"Burmester, Dean",LIV,2025,,261,-0.017,,,,,,,,2025-12-27
14209,"Kozuma, Jinichiro",LIV,2025,,501,-1.042,,,,,,,,2025-12-27
17064,"Herbert, Lucas",LIV,2025,,240,-0.109,,,,,,,,2025-12-27
7398,"Schwartzel, Charl",LIV,2025,,501,0.048,,,,,,,,2025-12-27
7108,"Casey, Paul",LIV,2025,,501,0.053,,,,,,,,2025-12-27
1547,"Mickelson, Phil",LIV,2025,,501,-0.749,,,,,,,,2025-12-27
18079,"Niemann, Joaquin",LIV,2025,,139,0.522,,,,,,,,2025-12-27
14013,"Tringale, Cameron",LIV,2025,,501,0.327,,,,,,,,2025-12-27
11019,"Steele, Brendan",LIV,2025,,501,-0.699,,,,,,,,2025-12-27
8117,"Kaymer, Martin",LIV,2025,,501,-0.915,,,,,,,,2025-12-27
14196,"Meronk, Adrian",LIV,2025,,501,-0.704,,,,,,,,2025-12-27
12337,"Kokrak, Jason",LIV,2025,,465,-0.406,,,,,,,,2025-12-27
19841,"DeChambeau, Bryson",LIV,2025,,27,1.517,,,,,,,,2025-12-27
6516,"Bland, Richard",LIV,2025,,501,-0.111,,,,,,,,2025-12-27
27597,"Ogletree, Andy",LIV,2025,,501,-1.1,,,,,,,,2025-12-27
14735,"Ortiz, Carlos",LIV,2025,,149,0.479,,,,,,,,2025-12-27
7649,"Leishman, Marc",LIV,2025,,226,0.223,,,,,,,,2025-12-27
5689,"Garcia, Sergio",LIV,2025,,491,0.027,,,,,,,,2025-12-27
18580,"Gooch, Talor",LIV,2025,,501,0.023,,,,,,,,2025-12-27
12669,"Lahiri, Anirban",LIV,2025,,501,-0.213,,,,,,,,2025-12-27
4052,"Westwood, Lee",LIV,2025,,501,-1.125,,,,,,,,2025-12-27
18238,"Ancer, Abraham",LIV,2025,,501,0.194,,,,,,,,2025-12-27
16602,"Varner III, Harold",LIV,2025,,501,-0.541,,,,,,,,2025-12-27
8605,"Jones, Matt",LIV,2025,,501,-1.134,,,,,,,,2025-12-27
16243,"Koepka, Brooks",LIV,2025,,244,-0.049,,,,,,,,2025-12-27
30463,"Surratt, Caleb",LIV,2025,,210,-0.168,,,,,,,,2025-12-27
14373,"Campbell, Ben",LIV,2025,,420,-0.937,,,,,,,,2025-12-27
15856,"Smith, Cameron",LIV,2025,,203,0.159,,,,,,,,2025-12-27
19866,"Horsfield, Sam",LIV,2025,,501,-1.017,,,,,,,,2025-12-27
7334,"Watson, Bubba",LIV,2025,,501,0.134,,,,,,,,2025-12-27
5994,"Stenson, Henrik",LIV,2025,,501,-0.738,,,,,,,,2025-12-27
28984,"Puig, David",LIV,2025,,114,0.57,,,,,,,,2025-12-27
29119,"Zhou, Yanhan",OWGR,2025,,249,-0.478,,,,,,,,2025-12-27
19729,"Kanaya, Takumi",PGA,2025,,117,0.307,,,,,,,,2025-12-27
21756,"Cole, Eric",PGA,2025,,110,0.304,,,,,,,,2025-12-27
14459,"An, Byeong Hun",PGA,2025,,95,0.266,,,,,,,,2025-12-27
10104,"Power, Seamus",PGA,2025,,161,0.244,,,,,,,,2025-12-27
18474,"Smalley, Alex",PGA,2025,,123,0.243,,,,,,,,2025-12-27
14502,"Cauley, Bud",PGA,2025,,72,0.227,,,,,,,,2025-12-27
12577,"Woodland, Gary",PGA,2025,,125,0.223,,,,,,,,2025-12-27
24550,"Ghim, Doug",PGA,2025,,148,0.218,,,,,,,,2025-12-27
17488,"Im, Sungjae",PGA,2025,,41,0.208,,,,,,,,2025-12-27
29770,"Mouw, William",PGA,2025,,116,0.204,,,,,,,,2025-12-27
16283,"Rodgers, Patrick",PGA,2025,,121,0.184,,,,,,,,2025-12-27
19870,"McCarthy, Denny",PGA,2025,,70,0.799,,,,,,,,2025-12-27
15651,"Ventura, Kris",PGA,2025,,218,0.159,,,,,,,,2025-12-27
25094,"Fishburn, Patrick",PGA,2025,,126,0.142,,,,,,,,2025-12-27
15556,"Hughes, Mackenzie",PGA,2025,,91,0.133,,,,,,,,2025-12-27
25157,"Hodges, Lee",PGA,2025,,140,0.123,,,,,,,,2025-12-27
16333,"Hubbard, Mark",PGA,2025,,120,0.123,,,,,,,,2025-12-27
13508,"Vegas, Jhonattan",PGA,2025,,85,0.117,,,,,,,,2025-12-27
27819,"Castillo, Ricky",PGA,2025,,173,0.114,,,,,,,,2025-12-27
26653,"Eckroat, Austin",PGA,2025,,122,0.112,,,,,,,,2025-12-27
26657,"Fisk, Steven",PGA,2025,,106,0.066,,,,,,,,2025-12-27
27762,"Velo, Kevin",PGA,2025,,501,-0.989,,,,,,,,2025-12-27
23482,"Sigg, Greyson",PGA,2025,,258,0.054,,,,,,,,2025-12-27
27364,"Thompson, Davis",PGA,2025,,93,0.519,,,,,,,,2025-12-27
21875,"Widing, Tim",PGA,2025,,468,-0.992,,,,,,,,2025-12-27
26096,"Bhatia, Akshay",PGA,2025,,45,0.814,,,,,,,,2025-12-27
24766,"Kim, Tom",PGA,2025,,105,0.012,,,,,,,,2025-12-27
16394,"Jaeger, Stephan",PGA,2025,,108,0.009,,,,,,,,2025-12-27
18424,"Roy, Kevin",PGA,2025,,146,0.007,,,,,,,,2025-12-27
28469,"Highsmith, Joe",PGA,2025,,111,-1.007,,,,,,,,2025-12-27
11676,"Finau, Tony",PGA,2025,,92,-0.022,,,,,,,,2025-12-27
22736,"Rosenmueller, Thomas",PGA,2025,,276,-0.023,,,,,,,,2025-12-27
18554,"Rai, Aaron",PGA,2025,,23,0.831,,,,,,,,2025-12-27
19840,"Ramey, Chad",PGA,2025,,168,-0.048,,,,,,,,2025-12-27
23014,"Theegala, Sahith",PGA,2025,,115,-0.05,,,,,,,,2025-12-27
11049,"Simpson, Webb",PGA,2025,,443,-0.05,,,,,,,,2025-12-27
19396,"Knapp, Jake",PGA,2025,,104,0.489,,,,,,,,2025-12-27
14704,"Putnam, Andrew",PGA,2025,,180,-0.078,,,,,,,,2025-12-27
17639,"Blair, Zac",PGA,2025,,269,-0.088,,,,,,,,2025-12-27
6986,"Johnson, Zach",PGA,2025,,273,-0.115,,,,,,,,2025-12-27
27164,"Phillips, Chandler",PGA,2025,,154,-0.114,,,,,,,,2025-12-27
6093,"Rose, Justin",PGA,2025,,10,0.846,,,,,,,,2025-12-27
26850,"Svensson, Jesper",PGA,2025,,143,-0.15,,,,,,,,2025-12-27
21880,"Cone, Trevor",PGA,2025,,304,-0.162,,,,,,,,2025-12-27
25002,"Wu, Dylan",PGA,2025,,380,-0.178,,,,,,,,2025-12-27
16395,"Kohles, Ben",PGA,2025,,259,-0.18,,,,,,,,2025-12-27
25442,"Montgomery, Taylor",PGA,2025,,188,-0.18,,,,,,,,2025-12-27
21995,"Springer, Hayden",PGA,2025,,215,-0.188,,,,,,,,2025-12-27
16715,"Ryder, Sam",PGA,2025,,206,-0.197,,,,,,,,2025-12-27
18770,"Rozner, Antoine",PGA,2025,,165,-0.203,,,,,,,,2025-12-27
8820,"Snedeker, Brandt",PGA,2025,,290,-0.211,,,,,,,,2025-12-27
32330,"Clanton, Luke",PGA,2025,,174,-0.213,,,,,,,,2025-12-27
17881,"Yu, Kevin",PGA,2025,,90,0.511,,,,,,,,2025-12-27
24837,"Goodwin, Noah",PGA,2025,,280,-0.234,,,,,,,,2025-12-27
12294,"Fleetwood, Tommy",PGA,2025,,3,2.069,,,,,,,,2025-12-27
18103,"Bezuidenhout, Christiaan",PGA,2025,,80,0.848,,,,,,,,2025-12-27
21944,"Moore, Taylor",PGA,2025,,164,-0.268,,,,,,,,2025-12-27
27900,"Potgieter, Aldrich",PGA,2025,,83,-0.269,,,,,,,,2025-12-27
15004,"Kim, Chan",PGA,2025,,251,-0.273,,,,,,,,2025-12-27
10943,"Lashley, Nate",PGA,2025,,323,-0.275,,,,,,,,2025-12-27
9771,"Day, Jason",PGA,2025,,54,0.86,,,,,,,,2025-12-27
17381,"Silverman, Ben",PGA,2025,,230,0.035,,,,,,,,2025-12-27
15470,"Hossler, Beau",PGA,2025,,133,0.029,,,,,,,,2025-12-27
15980,"Lipsky, David",PGA,2025,,144,-0.305,,,,,,,,2025-12-27
23656,"Young, Carson",PGA,2025,,175,-0.306,,,,,,,,2025-12-27
21891,"Kitayama, Kurt",PGA,2025,,37,0.871,,,,,,,,2025-12-27
7961,"Reavie, Chez",PGA,2025,,501,-1.041,,,,,,,,2025-12-27
13997,"Svensson, Adam",PGA,2025,,309,-0.33,,,,,,,,2025-12-27
17780,"Pendrith, Taylor",PGA,2025,,49,0.885,,,,,,,,2025-12-27
12965,"Fowler, Rickie",PGA,2025,,86,0.982,,,,,,,,2025-12-27
13470,"Kizzire, Patton",PGA,2025,,239,-0.351,,,,,,,,2025-12-27
15575,"Hoge, Tom",PGA,2025,,98,-0.359,,,,,,,,2025-12-27
23505,"McGreevy, Max",PGA,2025,,66,0.555,,,,,,,,2025-12-27
7655,"Molinari, Francesco",PGA,2025,,433,-0.368,,,,,,,,2025-12-27
7399,"Glover, Lucas",PGA,2025,,64,0.555,,,,,,,,2025-12-27
15330,"Griffin, Lanto",PGA,2025,,185,-0.377,,,,,,,,2025-12-27
13965,"Hadwin, Adam",PGA,2025,,248,-0.378,,,,,,,,2025-12-27
11451,"Garnett, Brice",PGA,2025,,306,-0.387,,,,,,,,2025-12-27
17576,"Conners, Corey",PGA,2025,,30,0.988,,,,,,,,2025-12-27
17723,"Lower, Justin",PGA,2025,,156,-0.398,,,,,,,,2025-12-27
27183,"Salinda, Isaiah",PGA,2025,,217,-0.402,,,,,,,,2025-12-27
23323,"MacIntyre, Robert",PGA,2025,,7,1.399,,,,,,,,2025-12-27
18628,"Campbell, Brian",PGA,2025,,71,-0.415,,,,,,,,2025-12-27
22085,"Morikawa, Collin",PGA,2025,,16,1.019,,,,,,,,2025-12-27
17032,"Tosti, Alejandro",PGA,2025,,241,-0.431,,,,,,,,2025-12-27
14007,"Martin, Ben",PGA,2025,,428,-0.432,,,,,,,,2025-12-27
5768,"Hoffman, Charley",PGA,2025,,250,-0.448,,,,,,,,2025-12-27
11460,"Manassero, Matteo",PGA,2025,,199,-0.453,,,,,,,,2025-12-27
19477,"Schenk, Adam",PGA,2025,,135,-0.459,,,,,,,,2025-12-27
27996,"Cummins, Quade",PGA,2025,,281,-0.46,,,,,,,,2025-12-27
18634,"McNealy, Maverick",PGA,2025,,21,1.075,,,,,,,,2025-12-27
14609,"Kim, Si Woo",PGA,2025,,47,1.079,,,,,,,,2025-12-27
11657,"Norlander, Henrik",PGA,2025,,268,-0.473,,,,,,,,2025-12-27
23542,"Champ, Cameron",PGA,2025,,319,-0.479,,,,,,,,2025-12-27
22760,"Hisatsune, Ryo",PGA,2025,,127,-0.494,,,,,,,,2025-12-27
16841,"Lee, Min Woo",PGA,2025,,43,0.579,,,,,,,,2025-12-27
9586,"Laird, Martin",PGA,2025,,334,-0.496,,,,,,,,2025-12-27
16341,"Peterson, Paul",PGA,2025,,233,-0.5,,,,,,,,2025-12-27
27820,"Pak, John",PGA,2025,,297,-0.501,,,,,,,,2025-12-27
31343,"Ford, David",PGA,2025,,501,-0.504,,,,,,,,2025-12-27
14509,"Dahmen, Joel",PGA,2025,,214,-0.296,,,,,,,,2025-12-27
15676,"Norgaard, Niklas",PGA,2025,,150,-0.241,,,,,,,,2025-12-27
29279,"Suber, Jackson",PGA,2025,,183,-0.304,,,,,,,,2025-12-27
27194,"Hall, Harry",PGA,2025,,60,1.094,,,,,,,,2025-12-27
25908,"Whaley, Vince",PGA,2025,,107,0.584,,,,,,,,2025-12-27
17543,"Kim, Michael",PGA,2025,,36,0.596,,,,,,,,2025-12-27
14139,"Thomas, Justin",PGA,2025,,9,1.124,,,,,,,,2025-12-27
14698,"Bramlett, Joseph",PGA,2025,,363,-0.578,,,,,,,,2025-12-27
23502,"Thornberry, Braden",PGA,2025,,498,-1.082,,,,,,,,2025-12-27
24304,"Vilips, Karl",PGA,2025,,145,-0.613,,,,,,,,2025-12-27
17786,"Davis, Cam",PGA,2025,,136,-0.615,,,,,,,,2025-12-27
18761,"Mullinax, Trey",PGA,2025,,328,-0.617,,,,,,,,2025-12-27
17511,"Straka, Sepp",PGA,2025,,12,1.125,,,,,,,,2025-12-27
13872,"Bradley, Keegan",PGA,2025,,15,1.222,,,,,,,,2025-12-27
19208,"Endycott, Harrison",PGA,2025,,501,-1.088,,,,,,,,2025-12-27
28270,"Dunlap, Nick",PGA,2025,,159,-0.651,,,,,,,,2025-12-27
19190,"Hoshino, Rikuya",PGA,2025,,366,-0.651,,,,,,,,2025-12-27
29767,"Gerard, Ryan",PGA,2025,,46,0.537,,,,,,,,2025-12-27
13562,"Matsuyama, Hideki",PGA,2025,,17,1.236,,,,,,,,2025-12-27
13497,"Lee, K.H.",PGA,2025,,401,-1.098,,,,,,,,2025-12-27
13412,"Olesen, Thorbjorn",PGA,2025,,99,0.62,,,,,,,,2025-12-27
7489,"Moore, Ryan",PGA,2025,,501,-0.716,,,,,,,,2025-12-27
10419,"Noren, Alex",PGA,2025,,11,1.285,,,,,,,,2025-12-27
15466,"Cantlay, Patrick",PGA,2025,,24,1.298,,,,,,,,2025-12-27
24968,"Griffin, Ben",PGA,2025,,8,1.706,,,,,,,,2025-12-27
19872,"Riley, Davis",PGA,2025,,100,-0.723,,,,,,,,2025-12-27
19865,"Hardy, Nick",PGA,2025,,444,-0.737,,,,,,,,2025-12-27
23540,"Andersen, Mason",PGA,2025,,501,-1.131,,,,,,,,2025-12-27
23465,"Greyserman, Max",PGA,2025,,32,0.625,,,,,,,,2025-12-27
18841,"Hovland, Viktor",PGA,2025,,14,1.307,,,,,,,,2025-12-27
22087,"Paul, Jeremy",PGA,2025,,298,-0.539,,,,,,,,2025-12-27
29433,"Bridgeman, Jacob",PGA,2025,,81,0.188,,,,,,,,2025-12-27
22833,"Echavarria, Nico",PGA,2025,,53,0.629,,,,,,,,2025-12-27
23816,"Valimaki, Sami",PGA,2025,,38,0.642,,,,,,,,2025-12-27
19895,"Schauffele, Xander",PGA,2025,,4,1.637,,,,,,,,2025-12-27
9171,"Villegas, Camilo",PGA,2025,,422,-0.782,,,,,,,,2025-12-27
14140,"Higgs, Harry",PGA,2025,,196,-0.794,,,,,,,,2025-12-27
26651,"Young, Cameron",PGA,2025,,19,1.39,,,,,,,,2025-12-27
12423,"Kirk, Chris",PGA,2025,,75,0.655,,,,,,,,2025-12-27
7960,"List, Luke",PGA,2025,,394,-0.803,,,,,,,,2025-12-27
25363,"Buckley, Hayden",PGA,2025,,492,-0.806,,,,,,,,2025-12-27
13126,"Taylor, Nick",PGA,2025,,57,0.661,,,,,,,,2025-12-27
17550,"Van Rooyen, Erik",PGA,2025,,113,-0.385,,,,,,,,2025-12-27
10873,"Skinns, David",PGA,2025,,270,-0.482,,,,,,,,2025-12-27
17536,"Spaun, J.J.",PGA,2025,,6,1.601,,,,,,,,2025-12-27
19960,"Pavon, Matthieu",PGA,2025,,229,-0.828,,,,,,,,2025-12-27
8825,"Harman, Brian",PGA,2025,,35,0.679,,,,,,,,2025-12-27
6931,"Byrd, Jonathan",PGA,2025,,501,-0.594,,,,,,,,2025-12-27
21236,"Bryan, Wesley",PGA,2025,,501,-0.845,,,,,,,,2025-12-27
30892,"Riedel, Matthew",PGA,2025,,471,-1.104,,,,,,,,2025-12-27
14967,"Hadley, Chesson",PGA,2025,,501,-1.114,,,,,,,,2025-12-27
6430,"Scott, Adam",PGA,2025,,62,0.696,,,,,,,,2025-12-27
19483,"Burns, Sam",PGA,2025,,25,1.388,,,,,,,,2025-12-27
27774,"Gotterup, Chris",PGA,2025,,28,0.7,,,,,,,,2025-12-27
26649,"Thorbjornsen, Michael",PGA,2025,,68,0.706,,,,,,,,2025-12-27
12920,"Willett, Danny",PGA,2025,,344,-1.144,,,,,,,,2025-12-27
21412,"Capan III, Frankie",PGA,2025,,227,-0.903,,,,,,,,2025-12-27
23950,"Aberg, Ludvig",PGA,2025,,18,1.34,,,,,,,,2025-12-27
25003,"Walker, Danny",PGA,2025,,209,-0.744,,,,,,,,2025-12-27
26660,"Gordon, Will",PGA,2025,,326,-0.749,,,,,,,,2025-12-27
18417,"Scheffler, Scottie",PGA,2025,,1,3.14,,,,,,,,2025-12-27
14577,"English, Harris",PGA,2025,,13,1.15,,,,,,,,2025-12-27
14636,"Spieth, Jordan",PGA,2025,,78,0.717,,,,,,,,2025-12-27
23504,"Hoey, Rico",PGA,2025,,69,0.726,,,,,,,,2025-12-27
24342,"Higgo, Garrick",PGA,2025,,67,0.767,,,,,,,,2025-12-27
21554,"Poston, J.T.",PGA,2025,,58,0.771,,,,,,,,2025-12-27
14926,"Malnati, Peter",PGA,2025,,440,-0.94,,,,,,,,2025-12-27
23604,"Clark, Wyndham",PGA,2025,,42,0.478,,,,,,,,2025-12-27
12808,"Grillo, Emiliano",PGA,2025,,102,0.465,,,,,,,,2025-12-27
6169,"Kuchar, Matt",PGA,2025,,137,0.463,,,,,,,,2025-12-27
17606,"Berger, Daniel",PGA,2025,,61,0.455,,,,,,,,2025-12-27
28159,"Meissner, Mac",PGA,2025,,103,0.443,,,,,,,,2025-12-27
11276,"Horschel, Billy",PGA,2025,,51,0.427,,,,,,,,2025-12-27
14578,"Henley, Russell",PGA,2025,,5,1.679,,,,,,,,2025-12-27
28635,"McCarty, Matt",PGA,2025,,55,0.771,,,,,,,,2025-12-27
19428,"Zalatoris, Will",PGA,2025,,212,0.364,,,,,,,,2025-12-27
20722,"Schmid, Matti",PGA,2025,,88,0.351,,,,,,,,2025-12-27
8480,"Streelman, Kevin",PGA,2025,,441,-0.956,,,,,,,,2025-12-27
17365,"Mitchell, Keith",PGA,2025,,128,0.345,,,,,,,,2025-12-27
23475,"Novak, Andrew",PGA,2025,,33,0.334,,,,,,,,2025-12-27
25569,"Stevens, Sam",PGA,2025,,50,0.334,,,,,,,,2025-12-27
11889,"Fox, Ryan",PGA,2025,,39,0.333,,,,,,,,2025-12-27
28309,"Coody, Pierceson",PGA,2025,,97,0.332,,,,,,,,2025-12-27
20706,"Wallace, Matt",PGA,2025,,76,0.332,,,,,,,,2025-12-27
17538,"Homa, Max",PGA,2025,,138,0.315,,,,,,,,2025-12-27
20730,"Perez, Victor",PGA,2025,,132,0.309,,,,,,,,2025-12-27
32333,"Buchanan, Jackson",PTA,2025,,501,-0.722,,,,,,,,2025-12-27
29197,"Brennan, Michael",PTA,2025,,34,0.412,,,,,,,,2025-12-27
31214,"Francoeur, Chris",PTA,2025,,501,-0.777,,,,,,,,2025-12-27
29324,"Lamb, Davis",PTA,2025,,341,-0.827,,,,,,,,2025-12-27
31257,"Hitchner, Derek",PTA,2025,,399,-0.898,,,,,,,,2025-12-27
28587,"Perkins, David",PTA,2025,,361,-1.016,,,,,,,,2025-12-27
28586,"Kinney, Tripp",PTA,2025,,501,-1.057,,,,,,,,2025-12-27
32521,"Lewis, Riley",PTA,2025,,501,-1.142,,,,,,,,2025-12-27
26508,"Doyle, Brendon",PTA,2025,,501,-1.115,,,,,,,,2025-12-27
16311,"Newcomb, Patrick",PTA,2025,,501,-1.101,,,,,,,,2025-12-27
19635,"Cantero Gutierrez, Ivan",euro,2025,,,,,,,,,,,2025-12-27
22912,"Rebula, Jovan",euro,2025,,,,,,,,,,,2025-12-27
21152,"Bautista, Austin",euro,2025,,,,,,,,,,,2025-12-27
28465,"Sale, Julien",euro,2025,,,,,,,,,,,2025-12-27
19429,"Naidoo, Dylan",euro,2025,,,,,,,,,,,2025-12-27
27415,"Simpson, Samuel",euro,2025,,,,,,,,,,,2025-12-27
25890,"Premlall, Yurav",euro,2025,,,,,,,,,,,2025-12-27
34024,"Adam, Cameron",euro,2025,,,,,,,,,,,2025-12-27
13344,"Baldwin, Matthew",euro,2025,,,,,,,,,,,2025-12-27
6893,"Colsaerts, Nicolas",euro,2025,,,,,,,,,,,2025-12-27
25829,"Vorster, Martin",euro,2025,,,,,,,,,,,2025-12-27
15211,"Follet-Smith, Benjamin",euro,2025,,,,,,,,,,,2025-12-27
25889,"Nienaber, Wilco",euro,2025,,,,,,,,,,,2025-12-27
29712,"Vidal, Quim",euro,2025,,,,,,,,,,,2025-12-27
25325,"Debove, Quentin",euro,2025,,,,,,,,,,,2025-12-27
17022,"Foos, Dominic",euro,2025,,,,,,,,,,,2025-12-27
21197,"Loubser, Herman",euro,2025,,,,,,,,,,,2025-12-27
25614,"Biondi, Fred",euro,2025,,,,,,,,,,,2025-12-27
27300,"Van Wyk, Kieron",euro,2025,,,,,,,,,,,2025-12-27
13725,"Davidse, Keenan",euro,2025,,,,,,,,,,,2025-12-27
27758,"Rama, Nikhil",euro,2025,,,,,,,,,,,2025-12-27
24172,"McKinney, Connor",euro,2025,,,,,,,,,,,2025-12-27
32449,"Johnston, Ryggs",euro,2025,,,,,,,,,,,2025-12-27
11956,"Rowe, Lyle",euro,2025,,,,,,,,,,,2025-12-27
23951,"Barker, Kyle",euro,2025,,,,,,,,,,,2025-12-27
27960,"Van Velzen, Ryan",euro,2025,,,,,,,,,,,2025-12-27
19537,"Viljoen, M.J.",euro,2025,,,,,,,,,,,2025-12-27
17068,"Daffue, MJ",euro,2025,,,,,,,,,,,2025-12-27
13681,"Blaauw, Jacques",euro,2025,,,,,,,,,,,2025-12-27
24341,"Albertse, Louis",euro,2025,,,,,,,,,,,2025-12-27
31520,"Berry, Joshua",euro,2025,,,,,,,,,,,2025-12-27
19296,"Gallegos, Andres",euro,2025,,,,,,,,,,,2025-12-27
22496,"Yule, Jack",euro,2025,,,,,,,,,,,2025-12-27
12287,"Enoch, Rhys",euro,2025,,,,,,,,,,,2025-12-27
15169,"Peake, Ryan",euro,2025,,,,,,,,,,,2025-12-27
22039,"Jerling, Luke",euro,2025,,,,,,,,,,,2025-12-27
31866,"Logan, Hunter",euro,2025,,,,,,,,,,,2025-12-27
32560,"Van Wyk, Ben",euro,2025,,,,,,,,,,,2025-12-27
31351,"Burnand, Jordan",euro,2025,,,,,,,,,,,2025-12-27
26950,"Thomas, Keagan",euro,2025,,,,,,,,,,,2025-12-27
27942,"Hendler, Ricky",euro,2025,,,,,,,,,,,2025-12-27
27984,"Long, Joe",euro,2025,,,,,,,,,,,2025-12-27
23784,"Blomme, Adam",euro,2025,,,,,,,,,,,2025-12-27
25530,"Pepler, Gerhard",euro,2025,,,,,,,,,,,2025-12-27
28354,"Lester, Rowan",euro,2025,,,,,,,,,,,2025-12-27
17409,"Ferreira, Stephen",euro,2025,,,,,,,,,,,2025-12-27
10989,"West, Rhys",euro,2025,,,,,,,,,,,2025-12-27
12863,"Dingle, Wynand",euro,2025,,,,,,,,,,,2025-12-27
24502,"Feuerstein, Michael",euro,2025,,,,,,,,,,,2025-12-27
27994,"Swart, Stals",euro,2025,,,,,,,,,,,2025-12-27
33014,"Van Der Klis, Ryan",euro,2025,,,,,,,,,,,2025-12-27
23152,"Wilsnach, Quintin",euro,2025,,,,,,,,,,,2025-12-27
23016,"Bachem, Nick",euro,2025,,,,,,,,,,,2025-12-27
15217,"Ryan, Tyrone",euro,2025,,,,,,,,,,,2025-12-27
17138,"Strydom, Jean-Paul",euro,2025,,,,,,,,,,,2025-12-27
27954,"Purchase, Warwick",euro,2025,,,,,,,,,,,2025-12-27
5942,"Otto, Hennie",euro,2025,,,,,,,,,,,2025-12-27
29767,"Gerard, Ryan",euro,2025,,,,,,,,,,,2025-12-27
24593,"Manchest, Franklin",euro,2025,,,,,,,,,,,2025-12-27
33066,"Taylor, Marcus",euro,2025,,,,,,,,,,,2025-12-27
20766,"Brown, Daniel",euro,2025,,,,,,,,,,,2025-12-27
30445,"Ayora, Angel",euro,2025,,,,,,,,,,,2025-12-27
13764,"Parry, John",euro,2025,,,,,,,,,,,2025-12-27
26991,"Schaper, Jayden",euro,2025,,,,,,,,,,,2025-12-27
25611,"Olesen, Jacob Skov",euro,2025,,,,,,,,,,,2025-12-27
17813,"Armitage, Marcus",euro,2025,,,,,,,,,,,2025-12-27
12522,"Schneider, Marcel",euro,2025,,,,,,,,,,,2025-12-27
15680,"Winther, Jeff",euro,2025,,,,,,,,,,,2025-12-27
26745,"Chacarra, Eugenio",euro,2025,,,,,,,,,,,2025-12-27
28157,"Vaillant, Tom",euro,2025,,,,,,,,,,,2025-12-27
23143,"Chinhoi, Robson",euro,2025,,,,,,,,,,,2025-12-27
14987,"Laporta, Francesco",euro,2025,,,,,,,,,,,2025-12-27
26947,"Jarvis, Casey",euro,2025,,,,,,,,,,,2025-12-27
18174,"Ritchie, JC",euro,2025,,,,,,,,,,,2025-12-27
7049,"Sterne, Richard",euro,2025,,,,,,,,,,,2025-12-27
22608,"Clements, Todd",euro,2025,,,,,,,,,,,2025-12-27
24497,"Robinson Thompson, Brandon",euro,2025,,,,,,,,,,,2025-12-27
24343,"Lamprecht, Christo",euro,2025,,,,,,,,,,,2025-12-27
25362,"Fitzpatrick, Alex",euro,2025,,,,,,,,,,,2025-12-27
27258,"Schmidt, Ben",euro,2025,,,,,,,,,,,2025-12-27
15229,"Stone, Brandon",euro,2025,,,,,,,,,,,2025-12-27
18027,"Kimsey, Nathan",euro,2025,,,,,,,,,,,2025-12-27
19421,"Du Plessis, Hennie",euro,2025,,,,,,,,,,,2025-12-27
12177,"Pavan, Andrea",euro,2025,,,,,,,,,,,2025-12-27
32550,"Bryant, Davis",euro,2025,,,,,,,,,,,2025-12-27
14780,"Lagergren, Joakim",euro,2025,,,,,,,,,,,2025-12-27
26008,"Elvira, Manuel",euro,2025,,,,,,,,,,,2025-12-27
15596,"Cockerill, Aaron",euro,2025,,,,,,,,,,,2025-12-27
18514,"Kinhult, Marcus",euro,2025,,,,,,,,,,,2025-12-27
20085,"Lindell, Oliver",euro,2025,,,,,,,,,,,2025-12-27
27149,"Da Costa Rodrigues, Daniel",euro,2025,,,,,,,,,,,2025-12-27
15193,"Van Tonder, Daniel",euro,2025,,,,,,,,,,,2025-12-27
15113,"Pepperell, Eddie",euro,2025,,,,,,,,,,,2025-12-27
31165,"Townsend, Hugo",euro,2025,,,,,,,,,,,2025-12-27
24093,"Williams, Robin",euro,2025,,,,,,,,,,,2025-12-27
23620,"Bergstrom, Albin",euro,2025,,,,,,,,,,,2025-12-27
28686,"Jonsson, Tobias",euro,2025,,,,,,,,,,,2025-12-27
20084,"Lindberg, Mikael",euro,2025,,,,,,,,,,,2025-12-27
23416,"Ravetto, David",euro,2025,,,,,,,,,,,2025-12-27
25273,"Toorop, Mike",euro,2025,,,,,,,,,,,2025-12-27
11980,"Schietekat, Neil",euro,2025,,,,,,,,,,,2025-12-27
29579,"Carrera, Luis",euro,2025,,,,,,,,,,,2025-12-27
11530,"Akesson, Bjorn",euro,2025,,,,,,,,,,,2025-12-27
10884,"Coetzee, George",euro,2025,,,,,,,,,,,2025-12-27
27414,"De Beer, Kyle",euro,2025,,,,,,,,,,,2025-12-27
25888,"Germishuys, Deon",euro,2025,,,,,,,,,,,2025-12-27
28239,"Guillamoundeguy, Oihan",euro,2025,,,,,,,,,,,2025-12-27
15115,"Senior, Jack",euro,2025,,,,,,,,,,,2025-12-27
14018,"Dantorp, Jens",euro,2025,,,,,,,,,,,2025-12-27
24635,"Mostert, Dylan",euro,2025,,,,,,,,,,,2025-12-27
15995,"Moolman, Pieter",euro,2025,,,,,,,,,,,2025-12-27
11397,"Jamieson, Scott",euro,2025,,,,,,,,,,,2025-12-27
26506,"De Leo, Gregorio",euro,2025,,,,,,,,,,,2025-12-27
10418,"Lemke, Niklas",euro,2025,,,,,,,,,,,2025-12-27
20844,"Mazzoli, Stefano",euro,2025,,,,,,,,,,,2025-12-27
19538,"Vincent, Kieran",euro,2025,,,,,,,,,,,2025-12-27
19844,"Kaewkanjana, Sadom",euro,2025,,,,,,,,,,,2025-12-27
16897,"Lombard, Zander",euro,2025,,,,,,,,,,,2025-12-27
31699,"Van Der Merwe, Altin",euro,2025,,,,,,,,,,,2025-12-27
13811,"Roets, Jason",euro,2025,,,,,,,,,,,2025-12-27
28507,"Viallaneix, Pierre",euro,2025,,,,,,,,,,,2025-12-27
25576,"Kaminski, Rupert",euro,2025,,,,,,,,,,,2025-12-27
10255,"John, Allen",euro,2025,,,,,,,,,,,2025-12-27
17197,"Du Plessis, CJ",euro,2025,,,,,,,,,,,2025-12-27
33013,"Snyders, Tyran",euro,2025,,,,,,,,,,,2025-12-27
27062,"Basson, Xander",euro,2025,,,,,,,,,,,2025-12-27
21026,"De Villiers, Jacques",euro,2025,,,,,,,,,,,2025-12-27
24344,"Mitchell, Malcolm",euro,2025,,,,,,,,,,,2025-12-27
11864,"Thimba, Toto",euro,2025,,,,,,,,,,,2025-12-27
17784,"Hess, Jacquin",euro,2025,,,,,,,,,,,2025-12-27
25886,"Pellegrin, Pierre",euro,2025,,,,,,,,,,,2025-12-27
26610,"Mack, James",euro,2025,,,,,,,,,,,2025-12-27
6950,"Siem, Marcel",euro,2025,,,,,,,,,,,2025-12-27
27147,"Walker, Euan",euro,2025,,,,,,,,,,,2025-12-27
25089,"Mory, Felix",euro,2025,,,,,,,,,,,2025-12-27
17747,"Halvorsen, Andreas",euro,2025,,,,,,,,,,,2025-12-27
15993,"Hollick, Michael",euro,2025,,,,,,,,,,,2025-12-27
31235,"Repetto Taylor, Rocco Paolo",euro,2025,,,,,,,,,,,2025-12-27
26199,"Burke, Christiaan",euro,2025,,,,,,,,,,,2025-12-27
12258,"Garcia Rodriguez, Sebastian",euro,2025,,,,,,,,,,,2025-12-27
30210,"Broomhead, Jonothan",euro,2025,,,,,,,,,,,2025-12-27
17718,"Sordet, Clement",euro,2025,,,,,,,,,,,2025-12-27
14973,"Levy, Alexander",euro,2025,,,,,,,,,,,2025-12-27
16549,"Paratore, Renato",euro,2025,,,,,,,,,,,2025-12-27
9396,"Fisher, Ross",euro,2025,,,,,,,,,,,2025-12-27
24575,"Korb, Ruan",euro,2025,,,,,,,,,,,2025-12-27
18555,"Rutherford, Jamie",euro,2025,,,,,,,,,,,2025-12-27
11955,"Frittelli, Dylan",euro,2025,,,,,,,,,,,2025-12-27
27379,"Buchanan, Jack",euro,2025,,,,,,,,,,,2025-12-27
17081,"Sharma, Shubhankar",euro,2025,,,,,,,,,,,2025-12-27
22220,"Charmasson, Clement",euro,2025,,,,,,,,,,,2025-12-27
16497,"Dean, Joe",euro,2025,,,,,,,,,,,2025-12-27
27588,"Schott, Freddy",euro,2025,,,,,,,,,,,2025-12-27
12819,"Bekker, Oliver",euro,2025,,,,,,,,,,,2025-12-27
18900,"Quayle, Anthony",euro,2025,,,,,,,,,,,2025-12-27
23236,"Arnaus, Adri",euro,2025,,,,,,,,,,,2025-12-27
15004,"Kim, Chan",pga,2025,,,,,,,,,,,2025-12-27
23542,"Champ, Cameron",pga,2025,,,,,,,,,,,2025-12-27
19865,"Hardy, Nick",pga,2025,,,,,,,,,,,2025-12-27
14007,"Martin, Ben",pga,2025,,,,,,,,,,,2025-12-27
18635,"Shelton, Robby",pga,2025,,,,,,,,,,,2025-12-27
24550,"Ghim, Doug",pga,2025,,,,,,,,,,,2025-12-27
16341,"Peterson, Paul",pga,2025,,,,,,,,,,,2025-12-27
18933,"Gandon, Jeremy",pga,2025,,,,,,,,,,,2025-12-27
31257,"Hitchner, Derek",pga,2025,,,,,,,,,,,2025-12-27
18869,"Lamb, Rick",pga,2025,,,,,,,,,,,2025-12-27
16395,"Kohles, Ben",pga,2025,,,,,,,,,,,2025-12-27
27820,"Pak, John",pga,2025,,,,,,,,,,,2025-12-27
31192,"Steelman, Ross",pga,2025,,,,,,,,,,,2025-12-27
21944,"Moore, Taylor",pga,2025,,,,,,,,,,,2025-12-27
29347,"Dossey, Cooper",pga,2025,,,,,,,,,,,2025-12-27
22050,"Suh, Justin",pga,2025,,,,,,,,,,,2025-12-27
16433,"NeSmith, Matt",pga,2025,,,,,,,,,,,2025-12-27
26660,"Gordon, Will",pga,2025,,,,,,,,,,,2025-12-27
32333,"Buchanan, Jackson",pga,2025,,,,,,,,,,,2025-12-27
26126,"Meissner, Mitchell",pga,2025,,,,,,,,,,,2025-12-27
25628,"Bae, Yongjun",pga,2025,,,,,,,,,,,2025-12-27
27996,"Cummins, Quade",pga,2025,,,,,,,,,,,2025-12-27
22087,"Paul, Jeremy",pga,2025,,,,,,,,,,,2025-12-27
31392,"VanArragon, Caleb",pga,2025,,,,,,,,,,,2025-12-27
17032,"Tosti, Alejandro",pga,2025,,,,,,,,,,,2025-12-27
24962,"Docherty, Alistair",pga,2025,,,,,,,,,,,2025-12-27
31188,"Valdes, Brendan",pga,2025,,,,,,,,,,,2025-12-27
24490,"Galletti, Nicolo",pga,2025,,,,,,,,,,,2025-12-27
21072,"Ok, Taehoon",pga,2025,,,,,,,,,,,2025-12-27
19232,"Smyth, Travis",pga,2025,,,,,,,,,,,2025-12-27
27600,"Kuest, Peter",pga,2025,,,,,,,,,,,2025-12-27
18571,"Macdonald, Stuart",pga,2025,,,,,,,,,,,2025-12-27
32473,"Botha, Barend",pga,2025,,,,,,,,,,,2025-12-27
14140,"Higgs, Harry",pga,2025,,,,,,,,,,,2025-12-27
26190,"Ortiz, Alvaro",pga,2025,,,,,,,,,,,2025-12-27
7960,"List, Luke",pga,2025,,,,,,,,,,,2025-12-27
29318,"McAllister, Logan",pga,2025,,,,,,,,,,,2025-12-27
18761,"Mullinax, Trey",pga,2025,,,,,,,,,,,2025-12-27
26953,"Gilligan, Ian",pga,2025,,,,,,,,,,,2025-12-27
22919,"Cannon, Will",pga,2025,,,,,,,,,,,2025-12-27
18059,"Suri, Julian",pga,2025,,,,,,,,,,,2025-12-27
30767,"Gabrelcik, Nick",pga,2025,,,,,,,,,,,2025-12-27
14704,"Putnam, Andrew",pga,2025,,,,,,,,,,,2025-12-27
24223,"Sugiura, Yuta",pga,2025,,,,,,,,,,,2025-12-27
12424,"Summerhays, Daniel",pga,2025,,,,,,,,,,,2025-12-27
16591,"Rozo, Marcelo",pga,2025,,,,,,,,,,,2025-12-27
33949,"Bacha, Carson",pga,2025,,,,,,,,,,,2025-12-27
9171,"Villegas, Camilo",pga,2025,,,,,,,,,,,2025-12-27
31955,"Van Paris, Jackson",pga,2025,,,,,,,,,,,2025-12-27
8085,"Teater, Josh",pga,2025,,,,,,,,,,,2025-12-27
23231,"Maichon, Phichaksn",pga,2025,,,,,,,,,,,2025-12-27
32312,"Sherwood, Cole",pga,2025,,,,,,,,,,,2025-12-27
17266,"Yuan, Carl",pga,2025,,,,,,,,,,,2025-12-27
26143,"Creighton, Myles",pga,2025,,,,,,,,,,,2025-12-27
16786,"Fernandez Valdes, Jorge",pga,2025,,,,,,,,,,,2025-12-27
14776,"Cappelen, Sebastian",pga,2025,,,,,,,,,,,2025-12-27
21234,"Thomas, Rayhan",pga,2025,,,,,,,,,,,2025-12-27
13831,"Knox, Russell",pga,2025,,,,,,,,,,,2025-12-27
26521,"Hoelzer, Brandon",pga,2025,,,,,,,,,,,2025-12-27
32521,"Lewis, Riley",pga,2025,,,,,,,,,,,2025-12-27
29163,"Card III, Jay",pga,2025,,,,,,,,,,,2025-12-27
19360,"Atkins, Matt",pga,2025,,,,,,,,,,,2025-12-27
17273,"Fischer, Zack",pga,2025,,,,,,,,,,,2025-12-27
23599,"Westmoreland, Kyle",pga,2025,,,,,,,,,,,2025-12-27
27420,"Dickson, Taylor",pga,2025,,,,,,,,,,,2025-12-27
14050,"Sloan, Roger",pga,2025,,,,,,,,,,,2025-12-27
21412,"Capan III, Frankie",pga,2025,,,,,,,,,,,2025-12-27
21883,"Ewart, A.J.",pga,2025,,,,,,,,,,,2025-12-27
32462,"Butler, John Marshall",pga,2025,,,,,,,,,,,2025-12-27
19430,"Kozan, Andrew",pga,2025,,,,,,,,,,,2025-12-27
25213,"Wu, Brandon",pga,2025,,,,,,,,,,,2025-12-27
31212,"Chandler, Will",pga,2025,,,,,,,,,,,2025-12-27
18536,"McCormick, Ryan",pga,2025,,,,,,,,,,,2025-12-27
22461,"White, Brett",pga,2025,,,,,,,,,,,2025-12-27
25081,"Humphrey, Theo",pga,2025,,,,,,,,,,,2025-12-27
11354,"Stegmaier, Brett",pga,2025,,,,,,,,,,,2025-12-27
25091,"Choi, Sam",pga,2025,,,,,,,,,,,2025-12-27
33952,"Peacock, Jake",pga,2025,,,,,,,,,,,2025-12-27
25614,"Biondi, Fred",pga,2025,,,,,,,,,,,2025-12-27
31193,"Long, Luke",pga,2025,,,,,,,,,,,2025-12-27
18658,"Garber, Joey",pga,2025,,,,,,,,,,,2025-12-27
15610,"Guthrie, Luke",pga,2025,,,,,,,,,,,2025-12-27
29520,"Erickson, Dan",pga,2025,,,,,,,,,,,2025-12-27
33942,"Stewart, Dillon",pga,2025,,,,,,,,,,,2025-12-27
26013,"Nimmer, Bryson",pga,2025,,,,,,,,,,,2025-12-27
27599,"Ralston, Spencer",pga,2025,,,,,,,,,,,2025-12-27
29769,"Moldovan, Maxwell",pga,2025,,,,,,,,,,,2025-12-27
8199,"Levin, Spencer",pga,2025,,,,,,,,,,,2025-12-27
28569,"Breault, Beau",pga,2025,,,,,,,,,,,2025-12-27
29889,"Lawrence Jr, Mark",pga,2025,,,,,,,,,,,2025-12-27
30732,"Carr, Ben",pga,2025,,,,,,,,,,,2025-12-27
30034120,"Leach, Greyson",pga,2025,,,,,,,,,,,2025-12-27
32683,"Gutschewski, Luke",pga,2025,,,,,,,,,,,2025-12-27
19000,"Celia, Ricardo",pga,2025,,,,,,,,,,,2025-12-27
31216,"Sienkiewicz, Chase",pga,2025,,,,,,,,,,,2025-12-27
26656,"Feagles, Michael",pga,2025,,,,,,,,,,,2025-12-27
33160,"Marzilio, Vicente",pga,2025,,,,,,,,,,,2025-12-27
29188,"Salzer, Christian",pga,2025,,,,,,,,,,,2025-12-27
29684,"Infanti, Nicholas",pga,2025,,,,,,,,,,,2025-12-27
28592,"Amat, Bastien",pga,2025,,,,,,,,,,,2025-12-27
30856,"Eichhorn, Hunter",pga,2025,,,,,,,,,,,2025-12-27
29715,"Manke, RJ",pga,2025,,,,,,,,,,,2025-12-27
33442,"Higgins, Robbie",pga,2025,,,,,,,,,,,2025-12-27
27710,"Solomon, Jacob",pga,2025,,,,,,,,,,,2025-12-27
28571,"Pettit, Turk",pga,2025,,,,,,,,,,,2025-12-27
24906,"Armstrong, Dawson",pga,2025,,,,,,,,,,,2025-12-27
24599,"Shaun, Corey",pga,2025,,,,,,,,,,,2025-12-27
31272,"Sewell, Chad",pga,2025,,,,,,,,,,,2025-12-27
17584,"McCumber, Tyler",pga,2025,,,,,,,,,,,2025-12-27
17212,"Garcia, Jorge",pga,2025,,,,,,,,,,,2025-12-27
30013975,"Ng, Ethan",pga,2025,,,,,,,,,,,2025-12-27
12846,"Herman, Jim",pga,2025,,,,,,,,,,,2025-12-27
8769,"Potter Jr, Ted",pga,2025,,,,,,,,,,,2025-12-27
30000,"Lai, Eddy",pga,2025,,,,,,,,,,,2025-12-27
26330,"McNeill, Callum",pga,2025,,,,,,,,,,,2025-12-27
30937,"Duncan, Austin",pga,2025,,,,,,,,,,,2025-12-27
24988,"Grey, J.J.",pga,2025,,,,,,,,,,,2025-12-27
30005,"Callens, Peyton",pga,2025,,,,,,,,,,,2025-12-27
28761,"Schliesing, Max",pga,2025,,,,,,,,,,,2025-12-27
31119,"Nottingham, William",pga,2025,,,,,,,,,,,2025-12-27
30027458,"Vogelsong, Alexander",pga,2025,,,,,,,,,,,2025-12-27
12805,"Cocha, Tommy",pga,2025,,,,,,,,,,,2025-12-27
22981,"Matthews, Brandon",pga,2025,,,,,,,,,,,2025-12-27
20668,"Carey, David",pga,2025,,,,,,,,,,,2025-12-27
33299,"Chi, Andre",pga,2025,,,,,,,,,,,2025-12-27
30014784,"Graboyes, Mike",pga,2025,,,,,,,,,,,2025-12-27
31586,"Leach, Tyler",pga,2025,,,,,,,,,,,2025-12-27
24964,"Elmore, Ryan",pga,2025,,,,,,,,,,,2025-12-27
33422,"Yates, Lance",pga,2025,,,,,,,,,,,2025-12-27
17276,"Sullivan, Ryan",pga,2025,,,,,,,,,,,2025-12-27
30031146,"Holekamp, Parker",pga,2025,,,,,,,,,,,2025-12-27
33488,"Song, James",pga,2025,,,,,,,,,,,2025-12-27
13997,"Svensson, Adam",pga,2025,,,,,,,,,,,2025-12-27
28268,"Kaneko, Kota",pga,2025,,,,,,,,,,,2025-12-27
14698,"Bramlett, Joseph",pga,2025,,,,,,,,,,,2025-12-27
25002,"Wu, Dylan",pga,2025,,,,,,,,,,,2025-12-27
16715,"Ryder, Sam",pga,2025,,,,,,,,,,,2025-12-27
24481,"Redman, Doc",pga,2025,,,,,,,,,,,2025-12-27
23656,"Young, Carson",pga,2025,,,,,,,,,,,2025-12-27
21880,"Cone, Trevor",pga,2025,,,,,,,,,,,2025-12-27
24837,"Goodwin, Noah",pga,2025,,,,,,,,,,,2025-12-27
17639,"Blair, Zac",pga,2025,,,,,,,,,,,2025-12-27
22736,"Rosenmueller, Thomas",pga,2025,,,,,,,,,,,2025-12-27
15330,"Griffin, Lanto",pga,2025,,,,,,,,,,,2025-12-27
17723,"Lower, Justin",pga,2025,,,,,,,,,,,2025-12-27
11117,"Noh, S.Y.",pga,2025,,,,,,,,,,,2025-12-27
25036,"Holt, Ian",pga,2025,,,,,,,,,,,2025-12-27
15120,"Johnson, Michael",pga,2025,,,,,,,,,,,2025-12-27
21995,"Springer, Hayden",pga,2025,,,,,,,,,,,2025-12-27
26913,"Phillips, Trent",pga,2025,,,,,,,,,,,2025-12-27
30429,"Welch, Patrick",pga,2025,,,,,,,,,,,2025-12-27
28587,"Perkins, David",pga,2025,,,,,,,,,,,2025-12-27
31161,"Burnett, Ryan",pga,2025,,,,,,,,,,,2025-12-27
16492,"Nesbitt, Drew",pga,2025,,,,,,,,,,,2025-12-27
32446,"Wolcott, Hunter",pga,2025,,,,,,,,,,,2025-12-27
24354,"Xiong, Norman",pga,2025,,,,,,,,,,,2025-12-27
29324,"Lamb, Davis",pga,2025,,,,,,,,,,,2025-12-27
30028843,"Wilkes, Tyler",pga,2025,,,,,,,,,,,2025-12-27
17902,"Miller, Michael",pga,2025,,,,,,,,,,,2025-12-27
30029684,"Azallion, Daniel",pga,2025,,,,,,,,,,,2025-12-27
30528,"Sollon, Jake",pga,2025,,,,,,,,,,,2025-12-27
26124,"Korte, Chris",pga,2025,,,,,,,,,,,2025-12-27
30032589,"Meisel, Marshall",pga,2025,,,,,,,,,,,2025-12-27
23482,"Sigg, Greyson",pga,2025,,,,,,,,,,,2025-12-27
13965,"Hadwin, Adam",pga,2025,,,,,,,,,,,2025-12-27
11657,"Norlander, Henrik",pga,2025,,,,,,,,,,,2025-12-27
25363,"Buckley, Hayden",pga,2025,,,,,,,,,,,2025-12-27
17381,"Silverman, Ben",pga,2025,,,,,,,,,,,2025-12-27
12232,"Ishikawa, Ryo",pga,2025,,,,,,,,,,,2025-12-27
31214,"Francoeur, Chris",pga,2025,,,,,,,,,,,2025-12-27
28542,"Hitt, Austin",pga,2025,,,,,,,,,,,2025-12-27
23502,"Thornberry, Braden",pga,2025,,,,,,,,,,,2025-12-27
25325,"Debove, Quentin",pga,2025,,,,,,,,,,,2025-12-27
28471,"Shore, Davis",pga,2025,,,,,,,,,,,2025-12-27
27819,"Castillo, Ricky",pga,2025,,,,,,,,,,,2025-12-27
29279,"Suber, Jackson",pga,2025,,,,,,,,,,,2025-12-27